"source_row_id","state_abbr","county_name","zip"
"1","PR","Aguadilla","00605"
"2","PR","Anasco","00610"
"3","PR","Arecibo","00612"
"4","PR","Cabo Rojo","00623"
"5","PR","Penuelas","00624"
"6","PR","Florida","00650"
"7","PR","Hormigueros","00660"
"8","PR","Isabela","00662"
"9","PR","Jayuya","00664"
"10","PR","Lajas","00667"
"11","PR","Moca","00676"
"12","PR","Mayaguez","00680"
"13","PR","Vega Baja","00694"
"14","PR","Yauco","00698"
"15","PR","Arroyo","00714"
"16","PR","Ponce","00731"
"17","PR","Cayey","00737"
"18","PR","Fajardo","00740"
"19","PR","Salinas","00751"
"20","PR","Vieques","00765"
"21","PR","Yabucoa","00767"
"22","PR","Culebra","00775"
"23","PR","Juncos","00777"
"24","PR","Guayanilla","00785"
"25","PR","Humacao","00791"
"26","PR","Barranquitas","00794"
"27","PR","Juana Diaz","00795"
"28","PR","San Juan","00907"
"29","PR","Toa Alta","00953"
"30","PR","Toa Baja","00961"
"31","PR","Guaynabo","00969"
"32","PR","Carolina","00984"
"33","MA","Hampshire","01002"
"34","MA","Worcester","01005"
"35","MA","Hampden","01020"
"36","MA","Hampshire","01033"
"37","MA","Hampshire","01037"
"38","MA","Hampshire","01062"
"39","MA","Hampden","01069"
"40","MA","Hampshire","01075"
"41","MA","Hampden","01085"
"42","MA","Hampden","01089"
"43","MA","Worcester","01440"
"44","MA","Worcester","01473"
"45","MA","Worcester","01475"
"46","MA","Middlesex","01510"
"47","MA","Worcester","01524"
"48","MA","Worcester","01550"
"49","MA","Worcester","01556"
"50","MA","Worcester","01607"
"51","MA","Middlesex","01749"
"52","MA","Middlesex","01778"
"53","MA","Middlesex","01821"
"54","MA","Essex","01835"
"55","MA","Middlesex","01851"
"56","MA","Essex","01923"
"57","MA","Essex","01960"
"58","MA","Plymouth","02045"
"59","MA","Plymouth","02050"
"60","MA","Norfolk","02169"
"61","MA","Norfolk","02184"
"62","MA","Suffolk","02201"
"63","MA","Plymouth","02330"
"64","MA","Plymouth","02333"
"65","MA","Plymouth","02338"
"66","MA","Plymouth","02346"
"67","MA","Norfolk","02368"
"68","MA","Barnstable","02532"
"69","MA","Nantucket","02554"
"70","MA","Barnstable","02633"
"71","MA","Barnstable","02648"
"72","MA","Bristol","02703"
"73","MA","Bristol","02720"
"74","MA","Plymouth","02738"
"75","MA","Bristol","02743"
"76","MA","Bristol","02745"
"77","MA","Bristol","02746"
"78","MA","Plymouth","02748"
"79","MA","Norfolk","02762"
"80","MA","Bristol","02780"
"81","RI","Bristol","02809"
"82","RI","Newport","02878"
"83","RI","Washington","02891"
"84","RI","Providence","02919"
"85","RI","Providence","02920"
"86","NH","Rockingham","03037"
"87","NH","Rockingham","03038"
"88","NH","Hillsborough","03051"
"89","NH","Hillsborough","03054"
"90","NH","Hillsborough","03055"
"91","NH","Hillsborough","03062"
"92","NH","Rockingham","03077"
"93","NH","Merrimack","03106"
"94","NH","Hillsborough","03108"
"95","NH","Carroll","03227"
"96","NH","Belknap","03246"
"97","NH","Merrimack","03255"
"98","NH","Grafton","03285"
"99","NH","Rockingham","03290"
"100","NH","Merrimack","03301"
"101","NH","Merrimack","03307"
"102","NH","Cheshire","03431"
"103","NH","Hillsborough","03442"
"104","NH","Cheshire","03451"
"105","NH","Coos","03570"
"106","NH","Grafton","03574"
"107","NH","Coos","03576"
"108","NH","Coos","03579"
"109","NH","Coos","03581"
"110","NH","Grafton","03784"
"111","NH","Belknap","03809"
"112","NH","Carroll","03813"
"113","NH","Carroll","03816"
"114","NH","Strafford","03820"
"115","NH","Strafford","03824"
"116","NH","Strafford","03839"
"117","NH","Rockingham","03840"
"118","NH","Rockingham","03842"
"119","NH","Rockingham","03848"
"120","NH","Strafford","03851"
"121","NH","Carroll","03872"
"122","NH","Carroll","03882"
"123","NH","Carroll","03886"
"124","ME","Cumberland","04011"
"125","ME","Cumberland","04074"
"126","ME","Cumberland","04102"
"127","ME","Androscoggin","04240"
"128","ME","Kennebec","04330"
"129","ME","Penobscot","04333"
"130","ME","Penobscot","04401"
"131","ME","Piscataquis","04426"
"132","ME","Piscataquis","04441"
"133","ME","Penobscot","04444"
"134","ME","Penobscot","04468"
"135","ME","Sagadahoc","04530"
"136","ME","Lincoln","04572"
"137","ME","Washington","04694"
"138","ME","Aroostook","04736"
"139","ME","Aroostook","04769"
"140","ME","Knox","04841"
"141","ME","Somerset","04957"
"142","ME","Somerset","04985"
"143","VT","Windham","05301"
"144","VT","Chittenden","05446"
"145","VT","Chittenden","05495"
"146","VT","Washington","05676"
"147","VT","Orleans","05855"
"148","CT","Hartford","06016"
"149","CT","Tolland","06029"
"150","CT","Hartford","06040"
"151","CT","Hartford","06095"
"152","CT","Hartford","06108"
"153","CT","Hartford","06120"
"154","CT","Windham","06239"
"155","CT","Windham","06260"
"156","CT","Windham","06331"
"157","CT","New London","06340"
"158","CT","New London","06353"
"159","CT","Fairfield","06484"
"160","CT","New Haven","06513"
"161","CT","New Haven","06704"
"162","CT","Litchfield","06776"
"163","CT","Litchfield","06790"
"164","NJ","Bergen","07031"
"165","NJ","Union","07036"
"166","NJ","Monmouth","07753"
"167","NJ","Sussex","07848"
"168","NJ","Warren","07863"
"169","NJ","Salem","08001"
"170","NJ","Burlington","08022"
"171","NJ","Burlington","08060"
"172","NJ","Gloucester","08080"
"173","NJ","Gloucester","08085"
"174","NJ","Camden","08110"
"175","NJ","Atlantic","08234"
"176","NJ","Atlantic","08234-5623"
"177","NJ","Cape May","08270"
"178","NJ","Cumberland","08332"
"179","NJ","Burlington","08505"
"180","NJ","Ocean","08759"
"181","NJ","Middlesex","08816"
"182","NJ","Middlesex","08837"
"183","NY","Richmond","10308"
"184","NY","Richmond","10312"
"185","NY","Putnam","10516"
"186","NY","Westchester","10520"
"187","NY","Orange","10924"
"188","NY","Orange","10958"
"189","NY","Rockland","10993"
"190","NY","Nassau","11050"
"191","NY","Kings","11208"
"192","NY","Nassau","11572"
"193","NY","Queens","11691"
"194","NY","Suffolk","11704"
"195","NY","Suffolk","11725"
"196","NY","Suffolk","11754"
"197","NY","Suffolk","11788"
"198","NY","Nassau","11804"
"199","NY","Suffolk","11968"
"200","NY","Suffolk","11980"
"201","NY","Albany","12047"
"202","NY","Saratoga","12065"
"203","NY","Fulton","12078"
"204","NY","Fulton","12095"
"205","NY","Rensselaer","12180"
"206","NY","Albany","12205"
"207","NY","Ulster","12429"
"208","NY","Sullivan","12701"
"209","NY","Warren","12804"
"210","NY","Saratoga","12831"
"211","NY","Warren","12845"
"212","NY","Saratoga","12866"
"213","NY","Franklin","12926"
"214","NY","Essex","12956"
"215","NY","Clinton","12962"
"216","NY","Cayuga","13021"
"217","NY","Madison","13032"
"218","NY","Oswego","13069"
"219","NY","Cortland","13101"
"220","NY","Seneca","13165"
"221","NY","Oneida","13309"
"222","NY","Herkimer","13340"
"223","NY","Jefferson","13612"
"224","NY","Jefferson","13682-0003"
"225","NY","Chenango","13815"
"226","NY","Delaware","13856"
"227","NY","Broome","13905"
"228","NY","Erie","14030"
"229","NY","Erie","14150"
"230","NY","Niagara","14174"
"231","NY","Niagara","14304"
"232","NY","Monroe","14416"
"233","NY","Monroe","14450"
"234","NY","Livingston","14546"
"235","NY","Ontario","14561"
"236","NY","Chautauqua","14701"
"237","NY","Allegany","14709"
"238","NY","Steuben","14810"
"239","NY","Chemung","14901"
"240","PA","Westmoreland","15012"
"241","PA","Washington","15022"
"242","PA","Allegheny","15026"
"243","PA","Allegheny","15037"
"244","PA","Westmoreland","15062"
"245","PA","Allegheny","15126"
"246","PA","Allegheny","15129"
"247","PA","Allegheny","15146"
"248","PA","Washington","15301"
"249","PA","Fayette","15456"
"250","PA","Fayette","15458"
"251","PA","Somerset","15501"
"252","PA","Westmoreland","15642"
"253","PA","Westmoreland","15683"
"254","PA","Indiana","15717"
"255","PA","Elk","15846"
"256","PA","Cambria","15909"
"257","PA","Somerset","15924"
"258","PA","Somerset","15928"
"259","PA","Butler","16033"
"260","PA","Butler","16061"
"261","PA","Beaver","16063"
"262","PA","Clarion","16233"
"263","PA","Erie","16509"
"264","PA","Bedford","16650"
"265","PA","McKean","16735"
"266","PA","Bradford","16947"
"267","PA","Mifflin","17044"
"268","PA","Lebanon","17046-1425"
"269","PA","Dauphin","17061"
"270","PA","Franklin","17202"
"271","PA","Franklin","17225"
"272","PA","Cumberland","17257"
"273","PA","Adams","17331"
"274","PA","York","17363"
"275","PA","York","17406"
"276","PA","Lancaster","17516"
"277","PA","Lancaster","17555"
"278","PA","Clinton","17745"
"279","PA","Lycoming","17752"
"280","PA","Schuylkill","17938"
"281","PA","Schuylkill","17963"
"282","PA","Northampton","18015"
"283","PA","Northampton","18042"
"284","PA","Northampton","18072"
"285","PA","Wayne","18405"
"286","PA","Lackawanna","18512"
"287","PA","Lackawanna","18517"
"288","PA","Bucks","19007"
"289","PA","Bucks","19067"
"290","PA","Chester","19390"
"291","PA","Montgomery","19464"
"292","PA","Berks","19508"
"293","PA","Berks","19512"
"294","PA","Berks","19543"
"295","DE","New Castle","19720"
"296","DE","New Castle","19809"
"297","DE","Kent","19943"
"298","DE","Sussex","19947"
"299","VA","Prince William","20112"
"300","VA","Loudoun","20175"
"301","VA","Fauquier","20187"
"302","MD","Charles","20602"
"303","MD","St. Mary's","20619"
"304","MD","Charles","20646"
"305","MD","Calvert","20657"
"306","MD","Prince George's","20720"
"307","MD","Anne Arundel","20751"
"308","MD","Prince George's","20774"
"309","MD","Montgomery","20850"
"310","MD","Montgomery","20882"
"311","MD","Howard","21043"
"312","MD","Anne Arundel","21060"
"313","MD","Anne Arundel","21061"
"314","MD","Howard","21104"
"315","MD","Baltimore","21128"
"316","MD","Anne Arundel","21144"
"317","MD","Harford","21154"
"318","MD","Carroll","21157"
"319","MD","Baltimore","21162"
"320","MD","Baltimore city","21206"
"321","MD","Baltimore","21222"
"322","MD","Baltimore city","21226"
"323","MD","Anne Arundel","21401"
"324","MD","Allegany","21532"
"325","MD","Garrett","21550"
"326","MD","Talbot","21601"
"327","MD","Dorchester","21643"
"328","MD","Caroline","21660"
"329","MD","Frederick","21702"
"330","MD","Frederick","21704"
"331","MD","Washington","21740"
"332","MD","Carroll","21797"
"333","MD","Wicomico","21801"
"334","MD","Worcester","21841"
"335","MD","Somerset","21871"
"336","MD","Cecil","21921"
"337","VA","Fairfax","22030"
"338","VA","Fairfax","22079"
"339","VA","Caroline","22427"
"340","VA","King George","22485"
"341","VA","Spotsylvania","22551"
"342","VA","Stafford","22554"
"343","VA","Frederick","22602"
"344","VA","Rockingham","22801"
"345","VA","Shenandoah","22824"
"346","VA","Page","22835"
"347","VA","Page","22851"
"348","VA","Albemarle","22903"
"349","VA","Orange","22960"
"350","VA","Greene","22968"
"351","VA","Charles City","23030"
"352","VA","Cumberland","23040"
"353","VA","Henrico","23060"
"354","VA","Hanover","23069"
"355","VA","Amelia","23083"
"356","VA","King and Queen","23091"
"357","VA","Chesterfield","23112"
"358","VA","Louisa","23117"
"359","VA","Gloucester","23149"
"360","VA","Henrico","23231"
"361","VA","Accomack","23303"
"362","VA","Northampton","23310"
"363","VA","Suffolk city","23434"
"364","VA","Virginia Beach city","23464"
"365","VA","Newport News city","23602"
"366","VA","Newport News city","23608"
"367","VA","Hampton city","23666"
"368","VA","Petersburg city","23803"
"369","VA","Nottoway","23824"
"370","VA","Chesterfield","23831"
"371","VA","Dinwiddie","23841"
"372","VA","Greensville","23847"
"373","VA","Brunswick","23868"
"374","VA","Sussex","23890"
"375","VA","Prince Edward","23901"
"376","VA","Mecklenburg","23915"
"377","VA","Mecklenburg","23924"
"378","VA","Lunenburg","23952"
"379","VA","Roanoke","24014"
"380","VA","Montgomery","24073"
"381","VA","Pulaski","24084"
"382","VA","Henry","24112"
"383","VA","Franklin","24151"
"384","VA","Roanoke","24153"
"385","VA","Botetourt","24175"
"386","VA","Bristol city","24201"
"387","VA","Scott","24251"
"388","VA","Wise","24273"
"389","VA","Carroll","24343"
"390","VA","Augusta","24401"
"391","VA","Rockbridge","24416"
"392","VA","Alleghany","24426"
"393","VA","Lynchburg city","24504"
"394","VA","Bedford","24523"
"395","VA","Danville city","24543"
"396","VA","Pittsylvania","24549"
"397","VA","Amherst","24572"
"398","VA","Campbell","24588"
"399","VA","Halifax","24592"
"400","VA","Tazewell","24630"
"401","WV","Mercer","24701"
"402","WV","Mercer","24740"
"403","WV","McDowell","24801"
"404","WV","Greenbrier","24901"
"405","WV","Pocahontas","24954"
"406","WV","Monroe","24963"
"407","WV","Kanawha","25304"
"408","WV","Berkeley","25427"
"409","WV","Putnam","25526"
"410","WV","Raleigh","25801"
"411","WV","Ohio","26003"
"412","WV","Brooke","26035"
"413","WV","Wood","26104"
"414","WV","Wetzel","26155"
"415","WV","Randolph","26241"
"416","WV","Tucker","26260"
"417","WV","Harrison","26301"
"418","WV","Harrison","26330"
"419","WV","Nicholas","26660"
"420","NC","Stokes","27019"
"421","NC","Rockingham","27025"
"422","NC","Davie","27028"
"423","NC","Surry","27030"
"424","NC","Rowan","27054"
"425","NC","Forsyth","27105"
"426","NC","Alamance","27253"
"427","NC","Guilford","27282"
"428","NC","Forsyth","27284"
"429","NC","Montgomery","27306"
"430","NC","Chatham","27312"
"431","NC","Randolph","27317"
"432","NC","Lee","27332"
"433","NC","Davidson","27360"
"434","NC","Caswell","27379"
"435","NC","Guilford","27405"
"436","NC","Wake","27502"
"437","NC","Orange","27516"
"438","NC","Franklin","27525"
"439","NC","Vance","27537"
"440","NC","Wake","27539-5353"
"441","NC","Harnett","27546"
"442","NC","Granville","27565"
"443","NC","Person","27572"
"444","NC","Johnston","27577"
"445","NC","Warren","27589"
"446","NC","Wake","27610"
"447","NC","Wake","27614"
"448","NC","Wake","27615"
"449","NC","Durham","27704"
"450","NC","Bertie","27805"
"451","NC","Pitt","27834"
"452","NC","Northampton","27845"
"453","NC","Nash","27856"
"454","NC","Edgecombe","27886"
"455","NC","Greene","27888"
"456","NC","Wilson","27893"
"457","NC","Pasquotank","27909"
"458","NC","Perquimans","27919"
"459","NC","Hertford","27986"
"460","NC","Stanly","28001"
"461","NC","Cabarrus","28027"
"462","NC","Lincoln","28033"
"463","NC","Gaston","28034"
"464","NC","Rutherford","28043"
"465","NC","Cleveland","28073"
"466","NC","Anson","28135"
"467","NC","Rutherford","28139"
"468","NC","Cleveland","28150"
"469","NC","Union","28174"
"470","NC","Mecklenburg","28215"
"471","NC","Mecklenburg","28217"
"472","NC","Cumberland","28301"
"473","NC","Cumberland","28307"
"474","NC","Moore","28315"
"475","NC","Wayne","28333"
"476","NC","Harnett","28334"
"477","NC","Bladen","28337"
"478","NC","Scotland","28352"
"479","NC","Hoke","28376"
"480","NC","Richmond","28379"
"481","NC","Sampson","28382"
"482","NC","Robeson","28384"
"483","NC","New Hanover","28401"
"484","NC","Brunswick","28422"
"485","NC","Columbus","28472"
"486","NC","Onslow","28540"
"487","NC","Onslow","28547"
"488","NC","Lenoir","28551"
"489","NC","Craven","28562"
"490","NC","Jones","28585"
"491","NC","Watauga","28607"
"492","NC","Ashe","28617"
"493","NC","Surry","28621"
"494","NC","Iredell","28625"
"495","NC","Caldwell","28638"
"496","NC","Caldwell","28645"
"497","NC","Catawba","28658"
"498","NC","Wilkes","28669"
"499","NC","Alexander","28681"
"500","NC","Buncombe","28701"
"501","NC","Transylvania","28712"
"502","NC","Swain","28713"
"503","NC","Yancey","28714"
"504","NC","Haywood","28716"
"505","NC","Haywood","28721"
"506","NC","Polk","28722"
"507","NC","Macon","28734"
"508","NC","McDowell","28752"
"509","NC","Madison","28753"
"510","NC","Avery","28777"
"511","NC","Jackson","28779"
"512","NC","Haywood","28785"
"513","NC","Henderson","28791"
"514","NC","Buncombe","28804"
"515","NC","Cherokee","28905"
"516","SC","Bamberg","29003"
"517","SC","Lee","29010"
"518","SC","Kershaw","29032"
"519","SC","Richland","29044"
"520","SC","Richland","29045"
"521","SC","Lexington","29073"
"522","SC","Clarendon","29102"
"523","SC","Sumter","29153"
"524","SC","Aiken","29164"
"525","SC","Lexington","29172"
"526","SC","Richland","29202"
"527","SC","Richland","29207"
"528","SC","Spartanburg","29302"
"529","SC","Union","29335"
"530","SC","Cherokee","29341"
"531","SC","Laurens","29360"
"532","SC","Spartanburg","29385"
"533","SC","Charleston","29414"
"534","SC","Dorchester","29437"
"535","SC","Georgetown","29440"
"536","SC","Berkeley","29461"
"537","SC","Horry","29526"
"538","SC","Florence","29560"
"539","SC","Williamsburg","29590"
"540","SC","Greenville","29607"
"541","SC","Greenville","29617"
"542","SC","Abbeville","29620"
"543","SC","Anderson","29627"
"544","SC","Greenwood","29646"
"545","SC","Greenville","29651"
"546","SC","Greenville","29654"
"547","SC","Pickens","29657"
"548","SC","Oconee","29678"
"549","SC","Anderson","29684"
"550","SC","Chester","29706"
"551","SC","Lancaster","29721"
"552","SC","York","29745"
"553","SC","Aiken","29808"
"554","SC","Allendale","29810"
"555","SC","Barnwell","29812"
"556","SC","Aiken","29831"
"557","SC","Aiken","29851"
"558","SC","Jasper","29936"
"559","GA","Newton","30016"
"560","GA","Gwinnett","30045"
"561","GA","Gwinnett","30071"
"562","GA","Cherokee","30107"
"563","GA","Cherokee","30114"
"564","GA","Carroll","30117"
"565","GA","Bartow","30120"
"566","GA","Polk","30125"
"567","GA","Paulding","30132"
"568","GA","Polk","30153"
"569","GA","Floyd","30161"
"570","GA","Lamar","30204"
"571","GA","Fayette","30214"
"572","GA","Heard","30217"
"573","GA","Butts","30223"
"574","GA","Meriwether","30230"
"575","GA","Troup","30241"
"576","GA","Clayton","30250"
"577","GA","DeKalb","30288"
"578","GA","DeKalb","30294"
"579","GA","DeKalb","30316"
"580","GA","Fulton","30318"
"581","GA","Fulton","30331"
"582","GA","Fulton","30349"
"583","GA","Fulton","30350"
"584","GA","Jefferson","30434"
"585","GA","Toombs","30436"
"586","GA","Hall","30507"
"587","GA","Gwinnett","30518"
"588","GA","Banks","30547"
"589","GA","Habersham","30563"
"590","GA","Oglethorpe","30648"
"591","GA","Barrow","30680"
"592","GA","Clarke","30683"
"593","GA","Murray","30705"
"594","GA","Walker","30707"
"595","GA","Whitfield","30721"
"596","GA","Gordon","30734"
"597","GA","Catoosa","30736"
"598","GA","Richmond","30805"
"599","GA","Columbia","30813"
"600","GA","Crisp","31015"
"601","GA","Twiggs","31020"
"602","GA","Laurens","31021"
"603","GA","Gordon","31031"
"604","GA","Houston","31047"
"605","GA","Taylor","31058"
"606","GA","Bibb","31201"
"607","GA","Monroe","31209"
"608","GA","Bibb","31217"
"609","GA","Liberty","31314"
"610","GA","Liberty","31320"
"611","GA","Chatham","31405"
"612","GA","Chatham","31419"
"613","GA","Charlton","31537"
"614","GA","Wayne","31560"
"615","GA","Camden","31569"
"616","GA","Lowndes","31601"
"617","GA","Atkinson","31650"
"618","GA","Dougherty","31705"
"619","GA","Thomas","31757"
"620","GA","Tift","31794"
"621","GA","Chattahoochee","31905"
"622","GA","Muscogee","31907"
"623","FL","Nassau","32011"
"624","FL","St. Johns","32033"
"625","FL","Clay","32043"
"626","FL","Columbia","32055"
"627","FL","Union","32083"
"628","FL","St. Johns","32095"
"629","FL","Volusia","32128"
"630","FL","Putnam","32177"
"631","FL","Duval","32222"
"632","FL","Duval","32225"
"633","FL","Duval","32226"
"634","FL","Duval","32234"
"635","FL","Duval","32257"
"636","FL","Leon","32311"
"637","FL","Madison","32331"
"638","FL","Madison","32340"
"639","FL","Taylor","32347"
"640","FL","Bay","32404"
"641","FL","Jackson","32426"
"642","FL","Bay","32437"
"643","FL","Escambia","32533"
"644","FL","Okaloosa","32547"
"645","FL","Santa Rosa","32583"
"646","FL","Alachua","32618"
"647","FL","Seminole","32732"
"648","FL","Lake","32778"
"649","FL","Orange","32829"
"650","FL","Brevard","32926"
"651","FL","Indian River","32968"
"652","FL","Miami-Dade","33032"
"653","FL","Monroe","33040"
"654","FL","Miami-Dade","33055"
"655","FL","Broward","33073"
"656","FL","Miami-Dade","33178"
"657","FL","Broward","33332"
"658","FL","Palm Beach","33407"
"659","FL","Palm Beach","33412"
"660","FL","Palm Beach","33432"
"661","FL","Palm Beach","33467"
"662","FL","Hillsborough","33547"
"663","FL","Hillsborough","33584"
"664","FL","Sumter","33585"
"665","FL","Pinellas","33716"
"666","FL","Pinellas","33771"
"667","FL","Polk","33830"
"668","FL","Highlands","33870"
"669","FL","Highlands","33876"
"670","FL","Polk","33880"
"671","FL","Lee","33905"
"672","FL","Lee","33913"
"673","FL","Hendry","33930"
"674","FL","Charlotte","33955"
"675","FL","Collier","34117"
"676","FL","Manatee","34211"
"677","FL","Sarasota","34241"
"678","FL","Sarasota","34275"
"679","FL","Citrus","34461"
"680","FL","Marion","34480"
"681","FL","Hernando","34602"
"682","FL","Pasco","34610"
"683","FL","Hernando","34614"
"684","FL","Pasco","34668"
"685","FL","Osceola","34746"
"686","FL","Osceola","34769"
"687","FL","Osceola","34773"
"688","FL","Orange","34787"
"689","FL","Okeechobee","34972"
"690","FL","St. Lucie","34981"
"691","FL","Martin","34990"
"692","AL","St. Clair","35004"
"693","AL","Shelby","35051"
"694","AL","Cullman","35057"
"695","AL","Walker","35062"
"696","AL","Jefferson","35071"
"697","AL","Blount","35079"
"698","AL","Jefferson","35126"
"699","AL","St. Clair","35131"
"700","AL","Chilton","35171"
"701","AL","Jefferson","35207"
"702","AL","Jefferson","35210"
"703","AL","Jefferson","35211"
"704","AL","Tuscaloosa","35452"
"705","AL","Winston","35565"
"706","AL","Limestone","35611"
"707","AL","Lauderdale","35630"
"708","AL","Lawrence","35643"
"709","AL","Morgan","35673"
"710","AL","Colbert","35674"
"711","AL","Jackson","35768"
"712","AL","Jackson","35772"
"713","AL","Madison","35804"
"714","AL","Marshall","35950"
"715","AL","DeKalb","35961"
"716","AL","Pike","36010"
"717","AL","Tallapoosa","36078"
"718","AL","Montgomery","36104"
"719","AL","Calhoun","36201"
"720","AL","Cherokee","36272"
"721","AL","Houston","36303"
"722","AL","Coffee","36323"
"723","AL","Escambia","36426"
"724","AL","Washington","36522"
"725","AL","Mobile","36544"
"726","AL","Mobile","36560"
"727","AL","Baldwin","36580"
"728","AL","Perry","36786"
"729","AL","Lee","36804"
"730","TN","Smith","37030"
"731","TN","Dickson","37055"
"732","TN","Houston","37061"
"733","TN","Williamson","37064"
"734","TN","Wilson","37087"
"735","TN","Marshall","37091"
"736","TN","Rutherford","37130"
"737","TN","Cheatham","37143"
"738","TN","Clay","37150"
"739","TN","Robertson","37172"
"740","TN","Humphreys","37185"
"741","TN","Montgomery","37191"
"742","TN","Davidson","37218"
"743","TN","McMinn","37303"
"744","TN","Rhea","37321"
"745","TN","Bledsoe","37338"
"746","TN","Hamilton","37341"
"747","TN","Marion","37347"
"748","TN","Bradley","37353"
"749","TN","Hamilton","37363"
"750","TN","McMinn","37370"
"751","TN","Bedford","37388"
"752","TN","Franklin","37398"
"753","TN","Washington","37601"
"754","TN","Sullivan","37617"
"755","TN","Hawkins","37642"
"756","TN","Carter","37643"
"757","TN","Washington","37659"
"758","TN","Jefferson","37725"
"759","TN","Blount","37737"
"760","TN","Greene","37745"
"761","TN","Roane","37748"
"762","TN","Anderson","37754"
"763","TN","Scott","37755"
"764","TN","Loudon","37774"
"765","TN","Hamblen","37778"
"766","TN","Union","37779"
"767","TN","Hamblen","37813"
"768","TN","Cocke","37821"
"769","TN","Claiborne","37825"
"770","TN","Scott","37841"
"771","TN","Grainger","37861"
"772","TN","Sevier","37863"
"773","TN","Knox","37924"
"774","TN","Hardeman","38008"
"775","TN","Tipton","38011"
"776","TN","Haywood","38012"
"777","TN","Dyer","38024"
"778","TN","Shelby","38053"
"779","TN","Dyer","38059"
"780","TN","Lauderdale","38063"
"781","TN","Fayette","38068"
"782","TN","Shelby","38118"
"783","TN","Shelby","38120"
"784","TN","Weakley","38230"
"785","TN","Obion","38240"
"786","TN","Madison","38257"
"787","TN","Obion","38261"
"788","TN","Madison","38301"
"789","TN","Decatur","38311"
"790","TN","Benton","38320"
"791","TN","Chester","38340"
"792","TN","Henry","38344"
"793","TN","Henderson","38351"
"794","TN","Carroll","38358"
"795","TN","McNairy","38375"
"796","TN","Maury","38401"
"797","TN","Lawrence","38464"
"798","TN","Giles","38478"
"799","TN","Putnam","38544"
"800","TN","Pickett","38549"
"801","TN","Cumberland","38555"
"802","TN","White","38583"
"803","MS","Marshall","38611"
"804","MS","DeSoto","38654"
"805","MS","Tunica","38664"
"806","MS","Tippah","38683"
"807","MS","Washington","38756"
"808","MS","Chickasaw","38851"
"809","MS","Pontotoc","38863"
"810","MS","Leflore","38954"
"811","MS","Madison","39046"
"812","MS","Holmes","39063"
"813","MS","Jefferson","39069"
"814","MS","Scott","39092"
"815","MS","Madison","39157"
"816","MS","Adams","39165"
"817","MS","Hinds","39212"
"818","MS","Lauderdale","39301"
"819","MS","Kemper","39328"
"820","MS","Winston","39339"
"821","MS","Perry","39464"
"822","MS","Pearl River","39470"
"823","MS","Harrison","39532"
"824","MS","Jackson","39562"
"825","MS","Harrison","39571"
"826","MS","Lowndes","39702"
"827","MS","Oktibbeha","39759"
"828","GA","Decatur","39815"
"829","GA","Decatur","39819"
"830","KY","Nelson","40004"
"831","KY","Trimble","40070"
"832","KY","Spencer","40071"
"833","KY","Jefferson","40219"
"834","KY","Scott","40324"
"835","KY","Estill","40336"
"836","KY","Montgomery","40337"
"837","KY","Rowan","40351"
"838","KY","Lincoln","40484"
"839","KY","Fayette","40507"
"840","KY","Fayette","40516"
"841","KY","Franklin","40601"
"842","KY","Whitley","40702"
"843","KY","Laurel","40740"
"844","KY","Pendleton","41006"
"845","KY","Mason","41056"
"846","KY","Boone","41094"
"847","KY","Grant","41097"
"848","KY","Boyd","41102"
"849","KY","Pike","41571"
"850","KY","Perry","41701"
"851","KY","Marshall","42029"
"852","KY","Graves","42066"
"853","KY","Butler","42101"
"854","KY","Barren","42141"
"855","KY","Christian","42240"
"856","KY","Logan","42276"
"857","KY","Daviess","42301"
"858","KY","Daviess","42303"
"859","KY","Ohio","42320"
"860","KY","Union","42437"
"861","KY","Hopkins","42464"
"862","KY","Pulaski","42519"
"863","KY","Hardin","42701"
"864","OH","Fairfield","43102"
"865","OH","Franklin","43123"
"866","OH","Franklin","43230"
"867","OH","Logan","43311"
"868","OH","Wyandot","43316"
"869","OH","Wood","43402"
"870","OH","Ottawa","43452"
"871","OH","Williams","43506"
"872","OH","Defiance","43512"
"873","OH","Henry","43545"
"874","OH","Lucas","43611"
"875","OH","Wood","43619"
"876","OH","Muskingum","43701"
"877","OH","Perry","43739"
"878","OH","Perry","43764"
"879","OH","Coshocton","43812"
"880","OH","Jefferson","43903"
"881","OH","Columbiana","43968"
"882","OH","Geauga","44026"
"883","OH","Ashtabula","44041"
"884","OH","Lorain","44074"
"885","OH","Lake","44077"
"886","OH","Cuyahoga","44130"
"887","OH","Cuyahoga","44139"
"888","OH","Cuyahoga","44144"
"889","OH","Cuyahoga","44147"
"890","OH","Portage","44201"
"891","OH","Summit","44313"
"892","OH","Trumbull","44410"
"893","OH","Mahoning","44436"
"894","OH","Mahoning","44443"
"895","OH","Mahoning","44460"
"896","OH","Mahoning","44601"
"897","OH","Tuscarawas","44622"
"898","OH","Stark","44626"
"899","OH","Holmes","44654"
"900","OH","Wayne","44662"
"901","OH","Stark","44688"
"902","OH","Stark","44706"
"903","OH","Ashland","44805"
"904","OH","Crawford","44820"
"905","OH","Seneca","44830"
"906","OH","Erie","44846"
"907","OH","Seneca","44867"
"908","OH","Richland","44878"
"909","OH","Huron","44890"
"910","OH","Butler","45014"
"911","OH","Hamilton","45030"
"912","OH","Butler","45042"
"913","OH","Butler","45056"
"914","OH","Brown","45121"
"915","OH","Ross","45123"
"916","OH","Warren","45152"
"917","OH","Clinton","45177"
"918","OH","Hamilton","45232"
"919","OH","Hamilton","45251"
"920","OH","Preble","45320"
"921","OH","Greene","45385"
"922","OH","Montgomery","45418"
"923","OH","Clark","45502"
"924","OH","Clark","45506"
"925","OH","Gallia","45614"
"926","OH","Pike","45690"
"927","OH","Jackson","45692"
"928","OH","Washington","45750"
"929","OH","Athens","45764"
"930","OH","Mercer","45822"
"931","OH","Hancock","45840"
"932","OH","Putnam","45875"
"933","OH","Auglaize","45885"
"934","IN","Clinton","46041"
"935","IN","Tipton","46072"
"936","IN","Boone","46077"
"937","IN","Hendricks","46122"
"938","IN","Bartholomew","46124"
"939","IN","Shelby","46161"
"940","IN","Marion","46221"
"941","IN","Lake","46321"
"942","IN","LaPorte","46342"
"943","IN","LaPorte","46360"
"944","IN","Lake","46406"
"945","IN","Fulton","46501"
"946","IN","St. Joseph","46506"
"947","IN","Kosciusko","46510"
"948","IN","Elkhart","46517"
"949","IN","St. Joseph","46601"
"950","IN","Adams","46733"
"951","IN","Huntington","46750"
"952","IN","LaGrange","46761"
"953","IN","Allen","46804"
"954","IN","Allen","46809"
"955","IN","Cass","46947"
"956","IN","Wabash","46992"
"957","IN","Clark","47106"
"958","IN","Washington","47167"
"959","IN","Bartholomew","47201"
"960","IN","Bartholomew","47203"
"961","IN","Jackson","47229"
"962","IN","Decatur","47240"
"963","IN","Jackson","47260"
"964","IN","Jennings","47265"
"965","IN","Randolph","47358"
"966","IN","Henry","47362"
"967","IN","Jay","47371"
"968","IN","Wayne","47374"
"969","IN","Monroe","47408"
"970","IN","Owen","47460"
"971","IN","Greene","47471"
"972","IN","Martin","47522"
"973","IN","Daviess","47558"
"974","IN","Knox","47591"
"975","IN","Pike","47598"
"976","IN","Warrick","47601"
"977","IN","Spencer","47615"
"978","IN","Vanderburgh","47720"
"979","IN","Clay","47840"
"980","IN","Vermillion","47842"
"981","IN","Vigo","47866"
"982","IN","Sullivan","47882"
"983","IN","Newton","47922"
"984","IN","Fountain","47932"
"985","IN","White","47960"
"986","MI","Macomb","48048"
"987","MI","St. Clair","48074"
"988","MI","Washtenaw","48108"
"989","MI","Wayne","48111"
"990","MI","Monroe","48133"
"991","MI","Wayne","48164"
"992","MI","Oakland","48165"
"993","MI","Washtenaw","48168"
"994","MI","Wayne","48184"
"995","MI","Wayne","48188"
"996","MI","Wayne","48193"
"997","MI","Oakland","48326"
"998","MI","Oakland","48359"
"999","MI","Huron","48413"
"1000","MI","Saginaw","48415"
"1001","MI","Sanilac","48419"
"1002","MI","Genesee","48423"
"1003","MI","Genesee","48439"
"1004","MI","Shiawassee","48449"
"1005","MI","Genesee","48457"
"1006","MI","Saginaw","48609"
"1007","MI","Clare","48625"
"1008","MI","Midland","48642"
"1009","MI","Bay","48650"
"1010","MI","Ionia","48809"
"1011","MI","Clinton","48837"
"1012","MI","Livingston","48855"
"1013","MI","Clinton","48906"
"1014","MI","Calhoun","49017"
"1015","MI","Barry","49058"
"1016","MI","Calhoun","49068"
"1017","MI","St. Joseph","49093"
"1018","MI","Berrien","49098"
"1019","MI","Berrien","49107"
"1020","MI","Berrien","49128"
"1021","MI","Jackson","49201"
"1022","MI","Lenawee","49221"
"1023","MI","Kent","49315"
"1024","MI","Montcalm","49339"
"1025","MI","Ottawa","49404"
"1026","MI","Muskegon","49451"
"1027","MI","Muskegon","49461"
"1028","MI","Ottawa","49464"
"1029","MI","Manistee","49660"
"1030","MI","Wexford","49663"
"1031","MI","Leelanau","49664"
"1032","MI","Montmorency","49709"
"1033","MI","Chippewa","49724"
"1034","MI","Charlevoix","49727"
"1035","MI","Crawford","49733"
"1036","MI","Presque Isle","49765"
"1037","MI","Delta","49829"
"1038","MI","Schoolcraft","49840"
"1039","MI","Marquette","49855"
"1040","MI","Menominee","49858"
"1041","MI","Alger","49895"
"1042","MI","Ontonagon","49953"
"1043","IA","Dallas","50003"
"1044","IA","Cass","50022"
"1045","IA","Boone","50036"
"1046","IA","Decatur","50108"
"1047","IA","Marshall","50158"
"1048","IA","Polk","50169"
"1049","IA","Jasper","50208"
"1050","IA","Dallas","50220"
"1051","IA","Marion","50256"
"1052","IA","Madison","50273"
"1053","IA","Cerro Gordo","50428"
"1054","IA","Winnebago","50450"
"1055","IA","Webster","50501"
"1056","IA","Sac","50583"
"1057","IA","Hardin","50627"
"1058","IA","Mitchell","50628"
"1059","IA","Black Hawk","50701"
"1060","IA","Cherokee","51012"
"1061","IA","Woodbury","51101"
"1062","IA","Sioux","51201"
"1063","IA","Palo Alto","51342"
"1064","IA","Dickinson","51360"
"1065","IA","Carroll","51401"
"1066","IA","Pottawattamie","51501-7023"
"1067","IA","Harrison","51546"
"1068","IA","Mills","51551"
"1069","IA","Montgomery","51566"
"1070","IA","Page","51632"
"1071","IA","Fremont","51652"
"1072","IA","Dubuque","52003"
"1073","IA","Winneshiek","52101"
"1074","IA","Fayette","52142"
"1075","IA","Benton","52209"
"1076","IA","Iowa","52236"
"1077","IA","Johnson","52246"
"1078","IA","Linn","52302"
"1079","IA","Tama","52342"
"1080","IA","Linn","52404"
"1081","IA","Wapello","52501"
"1082","IA","Mahaska","52577"
"1083","IA","Keokuk","52585"
"1084","IA","Lee","52627"
"1085","IA","Des Moines","52655"
"1086","IA","Muscatine","52726"
"1087","IA","Clinton","52732"
"1088","IA","Scott","52804"
"1089","WI","Dodge","53032"
"1090","WI","Waukesha","53051"
"1091","WI","Sheboygan","53085"
"1092","WI","Jefferson","53094"
"1093","WI","Kenosha","53104"
"1094","WI","Walworth","53115"
"1095","WI","Walworth","53120"
"1096","WI","Milwaukee","53132"
"1097","WI","Waukesha","53150"
"1098","WI","Racine","53406"
"1099","WI","Jefferson","53538"
"1100","WI","Rock","53545"
"1101","WI","Dane","53562"
"1102","WI","Dane","53593"
"1103","WI","Dane","53718"
"1104","WI","Adams","53910"
"1105","WI","Sauk","53913"
"1106","WI","Adams","53934"
"1107","WI","Marquette","53949"
"1108","WI","Marinette","54114"
"1109","WI","Brown","54115"
"1110","WI","Calumet","54129"
"1111","WI","Brown","54155"
"1112","WI","Kewaunee","54216"
"1113","WI","Door","54235"
"1114","WI","Manitowoc","54247"
"1115","WI","Portage","54423"
"1116","WI","Lincoln","54452"
"1117","WI","Marathon","54471"
"1118","WI","Wood","54495"
"1119","WI","Oneida","54501"
"1120","WI","Vilas","54521"
"1121","WI","La Crosse","54601"
"1122","WI","Jackson","54615"
"1123","WI","Monroe","54648"
"1124","WI","Vernon","54665"
"1125","WI","Eau Claire","54703"
"1126","WI","Sawyer","54843"
"1127","WI","Washburn","54870"
"1128","WI","Douglas","54880"
"1129","WI","Rusk","54895"
"1130","WI","Winnebago","54901"
"1131","WI","Winnebago","54904"
"1132","WI","Outagamie","54911"
"1133","WI","Green Lake","54923"
"1134","WI","Green Lake","54968"
"1135","MN","Rice","55019"
"1136","MN","Washington","55042"
"1137","MN","Kanabec","55051"
"1138","MN","Dakota","55077"
"1139","MN","Anoka","55303"
"1140","MN","Anoka","55304"
"1141","MN","Wright","55313"
"1142","MN","Sherburne","55330"
"1143","MN","McLeod","55336"
"1144","MN","Dakota","55337"
"1145","MN","Hennepin","55340"
"1146","MN","Hennepin","55347"
"1147","MN","Wright","55376"
"1148","MN","Scott","55379"
"1149","MN","St. Louis","55792"
"1150","MN","St. Louis","55811"
"1151","MN","Olmsted","55901"
"1152","MN","Steele","55917"
"1153","MN","Blue Earth","56001"
"1154","MN","Freeborn","56007"
"1155","MN","Brown","56085"
"1156","MN","Cottonwood","56101"
"1157","MN","Lyon","56157"
"1158","MN","Nobles","56168"
"1159","MN","Kandiyohi","56273"
"1160","MN","Morrison","56345"
"1161","MN","Crow Wing","56401"
"1162","MN","Becker","56501"
"1163","MN","Clay","56549"
"1164","WI","Monroe","56648"
"1165","MN","Polk","56716"
"1166","MN","Kittson","56728"
"1167","MN","Roseau","56756"
"1168","SD","Brookings","57006"
"1169","SD","Minnehaha","57033"
"1170","SD","Clay","57069"
"1171","SD","Codington","57201"
"1172","SD","Davison","57301"
"1173","SD","Brule","57370"
"1174","SD","Brown","57401"
"1175","SD","Hughes","57501"
"1176","SD","Pennington","57701"
"1177","ND","Sargent","58040"
"1178","ND","Cass","58102"
"1179","ND","Grand Forks","58203"
"1180","ND","Stutsman","58401"
"1181","ND","McIntosh","58495"
"1182","ND","Burleigh","58506"
"1183","ND","Mercer","58545"
"1184","ND","Stark","58601"
"1185","ND","Ward","58701"
"1186","ND","Divide","58765"
"1187","ND","Ward","58781"
"1188","ND","Williams","58801"
"1189","ND","McKenzie","58835"
"1190","MT","Big Horn","59034"
"1191","MT","Park","59047"
"1192","MT","Yellowstone","59101"
"1193","MT","Roosevelt","59201"
"1194","MT","Valley","59230"
"1195","MT","Sheridan","59254"
"1196","MT","Daniels","59263"
"1197","MT","Richland","59270"
"1198","MT","Custer","59301"
"1199","MT","Fallon","59313"
"1200","MT","Rosebud","59323"
"1201","MT","Dawson","59330"
"1202","MT","Cascade","59440"
"1203","MT","Toole","59474"
"1204","MT","Pondera","59486"
"1205","MT","Hill","59501"
"1206","MT","Liberty","59522"
"1207","MT","Phillips","59538"
"1208","MT","Lewis and Clark","59601"
"1209","MT","Lewis and Clark","59602"
"1210","MT","Lewis and Clark","59635"
"1211","MT","Silver Bow","59701"
"1212","MT","Gallatin","59715"
"1213","MT","Powell","59722"
"1214","MT","Beaverhead","59725"
"1215","MT","Gallatin","59752"
"1216","MT","Missoula","59802"
"1217","MT","Lake","59860"
"1218","MT","Flathead","59901"
"1219","MT","Lincoln","59923"
"1220","IL","Lake","60002"
"1221","IL","Cook","60010"
"1222","IL","Cook","60016"
"1223","IL","Lake","60030"
"1224","IL","Cook","60062"
"1225","IL","Cook","60068"
"1226","IL","Lake","60099"
"1227","IL","DeKalb","60115"
"1228","IL","DuPage","60133"
"1229","IL","Cook","60154"
"1230","IL","Cook","60162"
"1231","IL","Kane","60177"
"1232","IL","Will","60401"
"1233","IL","Cook","60419"
"1234","IL","Will","60421"
"1235","IL","Will","60436"
"1236","IL","Cook","60438"
"1237","IL","Will","60446"
"1238","IL","Grundy","60450"
"1239","IL","Will","60481"
"1240","IL","Kane","60510"
"1241","IL","Cook","60525"
"1242","IL","DuPage","60565"
"1243","IL","Will","60585"
"1244","IL","Cook","60633"
"1245","IL","Kankakee","60922"
"1246","IL","Iroquois","60931"
"1247","IL","Vermilion","60942"
"1248","IL","Iroquois","60953"
"1249","IL","Ogle","61020"
"1250","IL","Lee","61021"
"1251","IL","Stephenson","61032"
"1252","IL","Ogle","61068"
"1253","IL","Winnebago","61109"
"1254","IL","Henry","61235"
"1255","IL","Rock Island","61244"
"1256","IL","Rock Island","61264"
"1257","IL","Whiteside","61270"
"1258","IL","Rock Island","61284"
"1259","IL","LaSalle","61350"
"1260","IL","Livingston","61364"
"1261","IL","Fulton","61432"
"1262","IL","McDonough","61455"
"1263","IL","Knox","61467"
"1264","IL","Peoria","61517"
"1265","IL","Peoria","61528"
"1266","IL","Tazewell","61554"
"1267","IL","Tazewell","61571"
"1268","IL","Tazewell","61611"
"1269","IL","McLean","61704"
"1270","IL","De Witt","61727"
"1271","IL","Tazewell","61747"
"1272","IL","Livingston","61764"
"1273","IL","Champaign","61801"
"1274","IL","Champaign","61802"
"1275","IL","Vermilion","61832"
"1276","IL","Coles","61920"
"1277","IL","Madison","62025"
"1278","IL","Madison","62035"
"1279","IL","Madison","62040"
"1280","IL","Jersey","62052"
"1281","IL","Montgomery","62056"
"1282","IL","St. Clair","62201"
"1283","IL","St. Clair","62220"
"1284","IL","St. Clair","62226"
"1285","IL","Bond","62246"
"1286","IL","St. Clair","62257"
"1287","IL","Adams","62301"
"1288","IL","Pike","62314"
"1289","IL","Effingham","62401"
"1290","IL","Richland","62450"
"1291","IL","Lawrence","62466"
"1292","IL","Macon","62522"
"1293","IL","Christian","62568"
"1294","IL","Sangamon","62707"
"1295","IL","Perry","62832"
"1296","IL","Wayne","62837"
"1297","IL","Marion","62881"
"1298","IL","Saline","62890"
"1299","IL","Jackson","62924"
"1300","IL","Saline","62946"
"1301","MO","Jefferson","63010"
"1302","MO","St. Louis","63021"
"1303","MO","St. Louis","63043"
"1304","MO","St. Louis","63044"
"1305","MO","Washington","63071"
"1306","MO","Franklin","63072"
"1307","MO","Franklin","63090"
"1308","MO","Pike","63334"
"1309","MO","Lewis","63448"
"1310","MO","Adair","63501"
"1311","MO","Macon","63552"
"1312","MO","St. Francois","63601"
"1313","MO","Cape Girardeau","63755"
"1314","MO","Stoddard","63841"
"1315","MO","Butler","63901"
"1316","MO","Wayne","63944"
"1317","MO","Jackson","64015"
"1318","MO","Jackson","64050"
"1319","MO","Jackson","64051"
"1320","MO","Jackson","64082"
"1321","MO","Johnson","64093"
"1322","MO","Jackson","64132"
"1323","MO","Platte","64152"
"1324","MO","Nodaway","64468"
"1325","MO","Buchanan","64507"
"1326","MO","Crawford","64543"
"1327","MO","Grundy","64641"
"1328","MO","Livingston","64664"
"1329","MO","Henry","64735"
"1330","MO","Barton","64759"
"1331","MO","Newton","64850"
"1332","MO","Cole","65101"
"1333","MO","Boone","65202"
"1334","MO","Callaway","65251"
"1335","MO","Randolph","65270"
"1336","MO","Pettis","65301"
"1337","MO","Pulaski","65473"
"1338","MO","Wright","65667"
"1339","MO","Greene","65781"
"1340","KS","Jefferson","66044"
"1341","KS","Wyandotte","66102"
"1342","KS","Johnson","66217"
"1343","KS","Shawnee","66618"
"1344","KS","Crawford","66711"
"1345","KS","Neosho","66720"
"1346","KS","Cherokee","66725"
"1347","KS","Allen","66751"
"1348","KS","Coffey","66839"
"1349","KS","Marion","66861"
"1350","KS","Smith","66952"
"1351","KS","Butler","67042"
"1352","KS","Kiowa","67054"
"1353","KS","Harper","67058"
"1354","KS","Barber","67070"
"1355","KS","Harvey","67114"
"1356","KS","Pratt","67124"
"1357","KS","Cowley","67156"
"1358","KS","Sedgwick","67205"
"1359","KS","Montgomery","67335"
"1360","KS","Saline","67401"
"1361","KS","Mitchell","67420"
"1362","KS","Clay","67432"
"1363","KS","McPherson","67460"
"1364","KS","Osborne","67473"
"1365","KS","Reno","67501"
"1366","KS","Barton","67530"
"1367","KS","Ness","67560"
"1368","KS","Rush","67575"
"1369","KS","Graham","67642"
"1370","KS","Phillips","67661"
"1371","KS","Rooks","67663"
"1372","KS","Russell","67665"
"1373","KS","Trego","67672"
"1374","KS","Thomas","67701"
"1375","KS","Rawlins","67730"
"1376","KS","Logan","67748"
"1377","KS","Decatur","67749"
"1378","KS","Gove","67751"
"1379","KS","Cheyenne","67756"
"1380","KS","Wallace","67758"
"1381","KS","Logan","67764"
"1382","KS","Ford","67801"
"1383","KS","Clark","67831"
"1384","KS","Finney","67846"
"1385","KS","Hodgeman","67854"
"1386","KS","Kearny","67860"
"1387","KS","Wichita","67861"
"1388","KS","Haskell","67877"
"1389","KS","Hamilton","67878"
"1390","KS","Greeley","67879"
"1391","KS","Seward","67901"
"1392","KS","Stevens","67951"
"1393","NE","Douglas","68007"
"1394","NE","Dodge","68026"
"1395","NE","Cass","68048"
"1396","NE","Sarpy","68059"
"1397","NE","Douglas","68142"
"1398","NE","Gage","68310"
"1399","NE","Fillmore","68361"
"1400","NE","Seward","68405"
"1401","NE","Otoe","68410"
"1402","NE","York","68467"
"1403","NE","Lancaster","68504"
"1404","NE","Lancaster","68517"
"1405","NE","Stanton","68629"
"1406","NE","Butler","68632"
"1407","NE","Madison","68701"
"1408","NE","Dakota","68743"
"1409","NE","Howard","68835"
"1410","NE","Buffalo","68845"
"1411","NE","Buffalo","68847"
"1412","NE","Dawson","68850"
"1413","NE","Hall","68876"
"1414","NE","Adams","68901"
"1415","NE","Phelps","68949"
"1416","NE","Lincoln","69101"
"1417","NE","Kimball","69145"
"1418","NE","Perkins","69153"
"1419","NE","Cheyenne","69162"
"1420","NE","Cherry","69201"
"1421","NE","Box Butte","69301"
"1422","NE","Dawes","69337"
"1423","NE","Scotts Bluff","69341"
"1424","NE","Scotts Bluff","69361"
"1425","LA","Plaquemines","70091"
"1426","LA","Jefferson","70094"
"1427","LA","Orleans","70126"
"1428","LA","Orleans","70129"
"1429","LA","St. Mary","70342"
"1430","LA","Terrebonne","70363"
"1431","LA","Washington","70438"
"1432","LA","Tangipahoa","70443"
"1433","LA","Lafayette","70507"
"1434","LA","Vermilion","70510"
"1435","LA","Acadia","70531"
"1436","LA","St. Landry","70589"
"1437","LA","Jefferson Davis","70591"
"1438","LA","Calcasieu","70663"
"1439","LA","Livingston","70754"
"1440","LA","Pointe Coupee","70762"
"1441","LA","Ascension","70778"
"1442","LA","Livingston","70785"
"1443","LA","East Baton Rouge","70791"
"1444","LA","East Baton Rouge","70807"
"1445","LA","Caddo","71047"
"1446","LA","De Soto","71052"
"1447","LA","Webster","71055"
"1448","LA","Ouachita","71202"
"1449","LA","Ouachita","71203"
"1450","LA","Union","71241"
"1451","LA","West Carroll","71263"
"1452","LA","La Salle","71342"
"1453","LA","Tensas","71366"
"1454","LA","Sabine","71443"
"1455","LA","Allen","71463"
"1456","AR","Jefferson","71602"
"1457","AR","Jefferson","71603"
"1458","AR","Ashley","71646"
"1459","AR","Union","71730"
"1460","AR","Hempstead","71801"
"1461","AR","Howard","71852"
"1462","AR","Jackson","72005"
"1463","AR","Saline","72011"
"1464","AR","Faulkner","72032"
"1465","AR","Arkansas","72042"
"1466","AR","Prairie","72064"
"1467","AR","Conway","72110"
"1468","AR","Pulaski","72117"
"1469","AR","Pulaski","72204"
"1470","AR","Pulaski","72206"
"1471","AR","Crittenden","72301"
"1472","AR","Mississippi","72358"
"1473","AR","Phillips","72390"
"1474","AR","Craighead","72404"
"1475","AR","Greene","72450"
"1476","AR","Fulton","72529"
"1477","AR","Baxter","72653"
"1478","AR","Washington","72762"
"1479","AR","Yell","72833"
"1480","AR","Sebastian","72916"
"1481","OK","McClain","73065"
"1482","OK","Grady","73067"
"1483","OK","Garvin","73075"
"1484","OK","Grady","73079"
"1485","OK","Canadian","73090"
"1486","OK","Oklahoma","73127"
"1487","OK","Oklahoma","73128"
"1488","OK","Oklahoma","73141"
"1489","OK","Oklahoma","73149"
"1490","OK","Carter","73402"
"1491","OK","Comanche","73501"
"1492","OK","Beckham","73644"
"1493","OK","Beckham","73662"
"1494","OK","Garfield","73701"
"1495","OK","Major","73760"
"1496","OK","Woodward","73801"
"1497","OK","Osage","74003"
"1498","OK","Wagoner","74014"
"1499","OK","Osage","74063"
"1500","OK","Payne","74075"
"1501","OK","Tulsa","74116"
"1502","OK","Tulsa","74117"
"1503","OK","Muskogee","74401"
"1504","OK","Okmulgee","74447"
"1505","OK","Wagoner","74454"
"1506","OK","Pittsburg","74501"
"1507","OK","Pittsburg","74522"
"1508","OK","Kay","74601"
"1509","OK","McCurtain","74728"
"1510","OK","McCurtain","74745"
"1511","OK","Pottawatomie","74801"
"1512","OK","Lincoln","74864"
"1513","OK","Pottawatomie","74873"
"1514","OK","Seminole","74884"
"1515","OK","Sequoyah","74955"
"1516","OK","Adair","74960"
"1517","TX","Dallas","75040"
"1518","TX","Dallas","75050"
"1519","TX","Denton","75056"
"1520","TX","Denton","75057"
"1521","TX","Dallas","75060"
"1522","TX","Collin","75069"
"1523","TX","Dallas","75089"
"1524","TX","Grayson","75090"
"1525","TX","Collin","75098"
"1526","TX","Navarro","75110"
"1527","TX","Ellis","75119"
"1528","TX","Dallas","75125"
"1529","TX","Dallas","75141"
"1530","TX","Dallas","75241"
"1531","TX","Dallas","75253"
"1532","TX","Lamar","75416"
"1533","TX","Hunt","75422"
"1534","TX","Hunt","75423"
"1535","TX","Collin","75454"
"1536","TX","Titus","75455"
"1537","TX","Lamar","75473"
"1538","TX","Bowie","75570"
"1539","TX","Rusk","75653"
"1540","TX","Gregg","75662"
"1541","TX","Smith","75708"
"1542","TX","Cherokee","75766"
"1543","TX","Angelina","75901"
"1544","TX","Nacogdoches","75964"
"1545","TX","Tarrant","76008"
"1546","TX","Johnson","76009"
"1547","TX","Tarrant","76040"
"1548","TX","Hill","76055"
"1549","TX","Parker","76087"
"1550","TX","Tarrant","76103"
"1551","TX","Tarrant","76108"
"1552","TX","Tarrant","76117"
"1553","TX","Tarrant","76140"
"1554","TX","Denton","76208"
"1555","TX","Grayson","76273"
"1556","TX","Wichita","76307"
"1557","TX","Wichita","76308"
"1558","TX","Wichita","76367"
"1559","TX","Bell","76501"
"1560","TX","Bell","76534"
"1561","TX","Coryell","76544"
"1562","TX","Ellis","76623"
"1563","TX","Limestone","76667"
"1564","TX","McLennan","76705"
"1565","TX","McLennan","76712"
"1566","TX","Brown","76801"
"1567","TX","Tom Green","76905"
"1568","TX","Harris","77016"
"1569","TX","Harris","77051"
"1570","TX","Harris","77078"
"1571","TX","Montgomery","77301"
"1572","TX","Montgomery","77327"
"1573","TX","Polk","77351"
"1574","TX","Harris","77396"
"1575","TX","Colorado","77412"
"1576","TX","Fort Bend","77461"
"1577","TX","Fort Bend","77471"
"1578","TX","Galveston","77510"
"1579","TX","Galveston","77511"
"1580","TX","Brazoria","77515"
"1581","TX","","77520"
"1582","TX","Chambers","77523"
"1583","TX","Galveston","77539"
"1584","TX","Fort Bend","77545"
"1585","TX","Newton","77612"
"1586","TX","Hardin","77625"
"1587","TX","Jefferson","77627"
"1588","TX","Orange","77630"
"1589","TX","Jefferson","77705"
"1590","TX","Grimes","77830"
"1591","TX","Brazos","77845"
"1592","TX","Victoria","77951"
"1593","TX","Kerr","78028"
"1594","TX","Webb","78043"
"1595","TX","Comal","78130"
"1596","TX","Bexar","78219"
"1597","TX","Bexar","78252"
"1598","TX","Kleberg","78363"
"1599","TX","Nueces","78380"
"1600","TX","San Patricio","78387"
"1601","TX","Nueces","78415"
"1602","TX","Cameron","78521"
"1603","TX","Hidalgo","78537"
"1604","TX","Hidalgo","78539"
"1605","TX","Hidalgo","78541"
"1606","TX","Hidalgo","78563"
"1607","TX","Travis","78610"
"1608","TX","Williamson","78634"
"1609","TX","Travis","78719"
"1610","TX","Travis","78754"
"1611","TX","Randall","79015"
"1612","TX","Gray","79065"
"1613","TX","Ochiltree","79070"
"1614","TX","Potter","79124"
"1615","TX","Lubbock","79311"
"1616","TX","Lubbock","79401"
"1617","TX","Lubbock","79403"
"1618","TX","Mitchell","79512"
"1619","TX","Scurry","79549"
"1620","TX","Nolan","79556"
"1621","TX","Jones","79601"
"1622","TX","Midland","79706"
"1623","TX","Ector","79763"
"1624","TX","El Paso","79913-0058"
"1625","TX","El Paso","79928"
"1626","TX","El Paso","79934"
"1627","CO","Arapahoe","80018"
"1628","CO","Adams","80022"
"1629","CO","Adams","80102"
"1630","CO","Douglas","80126"
"1631","CO","Adams","80229"
"1632","CO","Boulder","80303"
"1633","CO","Jefferson","80401"
"1634","CO","Jefferson","80403"
"1635","CO","Summit","80435"
"1636","CO","Routt","80487"
"1637","CO","Weld","80516"
"1638","CO","Larimer","80526"
"1639","CO","Weld","80610"
"1640","CO","Weld","80634"
"1641","CO","Weld","80643"
"1642","CO","Morgan","80701"
"1643","CO","El Paso","80817"
"1644","CO","El Paso","80929"
"1645","CO","Pueblo","81005"
"1646","CO","Pueblo","81006"
"1647","CO","Archuleta","81147"
"1648","CO","Fremont","81240"
"1649","CO","La Plata","81301"
"1650","CO","Montrose","81401"
"1651","CO","Montrose","81422"
"1652","CO","Mesa","81503"
"1653","CO","Garfield","81601"
"1654","CO","Pitkin","81611"
"1655","CO","Garfield","81650"
"1656","CO","Eagle","81655"
"1657","WY","Laramie","82009"
"1658","WY","Laramie","82053"
"1659","WY","Natrona","82636"
"1660","WY","Campbell","82716"
"1661","WY","Sheridan","82801"
"1662","ID","Bannock","83204"
"1663","ID","Butte","83213"
"1664","ID","Bingham","83221"
"1665","ID","Butte","83244"
"1666","ID","Oneida","83252"
"1667","ID","Bear Lake","83254"
"1668","ID","Franklin","83263"
"1669","ID","Bingham","83274"
"1670","ID","Twin Falls","83301"
"1671","ID","Cassia","83318"
"1672","ID","Bonneville","83402"
"1673","ID","Teton","83422"
"1674","ID","Fremont","83429"
"1675","ID","Fremont","83445"
"1676","ID","Jefferson","83450"
"1677","ID","Lemhi","83467"
"1678","ID","Adams","83612"
"1679","ID","Elmore","83623"
"1680","ID","Boise","83631"
"1681","ID","Elmore","83647"
"1682","ID","Payette","83661"
"1683","ID","Canyon","83686"
"1684","ID","Ada","83714"
"1685","ID","Elmore","83716"
"1686","ID","Boundary","83805"
"1687","ID","Kootenai","83814"
"1688","ID","Latah","83843"
"1689","UT","Salt Lake","84009"
"1690","UT","Utah","84013"
"1691","UT","Summit","84017"
"1692","UT","Duchesne","84021"
"1693","UT","Tooele","84022"
"1694","UT","Tooele","84029"
"1695","UT","Rich","84038"
"1696","UT","Davis","84040"
"1697","UT","Daggett","84046"
"1698","UT","Tooele","84074"
"1699","UT","Uintah","84078"
"1700","UT","Davis","84087"
"1701","UT","Salt Lake","84104"
"1702","UT","Salt Lake","84128"
"1703","UT","Cache","84305"
"1704","UT","Box Elder","84313"
"1705","UT","Cache","84321"
"1706","UT","Weber","84401"
"1707","UT","Carbon","84501"
"1708","UT","Emery","84513"
"1709","UT","Carbon","84520"
"1710","UT","Utah","84606"
"1711","UT","Millard","84624"
"1712","UT","Utah","84626"
"1713","UT","Juab","84648"
"1714","UT","Utah","84651"
"1715","UT","Beaver","84713"
"1716","UT","Iron","84720"
"1717","UT","Kane","84729"
"1718","UT","Kane","84741"
"1719","UT","Washington","84780"
"1720","AZ","Maricopa","85009"
"1721","AZ","Maricopa","85023"
"1722","AZ","Maricopa","85024"
"1723","AZ","Maricopa","85027"
"1724","AZ","Pinal","85132"
"1725","AZ","Maricopa","85139"
"1726","AZ","Maricopa","85142"
"1727","AZ","Pinal","85219"
"1728","AZ","Pinal","85230"
"1729","AZ","Pinal","85232"
"1730","AZ","Pinal","85239"
"1731","AZ","Maricopa","85256"
"1732","AZ","Maricopa","85286"
"1733","AZ","Pinal","85292"
"1734","AZ","Maricopa","85307"
"1735","AZ","Maricopa","85326"
"1736","AZ","Maricopa","85331"
"1737","AZ","La Paz","85344"
"1738","AZ","Yuma","85350"
"1739","AZ","Yuma","85356"
"1740","AZ","Yuma","85365"
"1741","AZ","Maricopa","85387"
"1742","AZ","Cochise","85616"
"1743","AZ","Santa Cruz","85648"
"1744","AZ","Pima","85653"
"1745","AZ","Pima","85715"
"1746","AZ","Pima","85730"
"1747","AZ","Pima","85756"
"1748","AZ","Apache","85936"
"1749","AZ","Coconino","86004"
"1750","AZ","Navajo","86032"
"1751","AZ","Yavapai","86327"
"1752","AZ","Mohave","86404"
"1753","AZ","Mohave","86426"
"1754","NM","Valencia","87031"
"1755","NM","Bernalillo","87107"
"1756","NM","Bernalillo","87113"
"1757","NM","Bernalillo","87121"
"1758","NM","Sandoval","87124"
"1759","NM","Sandoval","87144"
"1760","NM","San Juan","87410"
"1761","NM","Santa Fe","87506"
"1762","NM","Los Alamos","87544"
"1763","NM","San Miguel","87701"
"1764","NM","Mora","87752"
"1765","NM","Dona Ana","88005"
"1766","NM","Dona Ana","88063"
"1767","NM","Curry","88101"
"1768","NM","Eddy","88220"
"1769","NM","Lea","88231"
"1770","NM","Otero","88310"
"1771","NV","Clark","89005"
"1772","CA","Inyo","89010"
"1773","NV","Esmeralda","89013"
"1774","NV","Nye","89020"
"1775","NV","Clark","89029"
"1776","NV","Lincoln","89034"
"1777","NV","Lincoln","89042"
"1778","NV","Nye","89045"
"1779","NV","Nye","89049"
"1780","NV","Nye","89060"
"1781","NV","Clark","89142"
"1782","NV","Clark","89165"
"1783","NV","White Pine","89301"
"1784","NV","Lander","89310"
"1785","NV","Eureka","89316"
"1786","NV","Churchill","89406"
"1787","NV","Douglas","89410"
"1788","NV","Mineral","89415"
"1789","NV","Pershing","89419"
"1790","NV","Storey","89434"
"1791","NV","Humboldt","89445"
"1792","NV","Carson City","89701"
"1793","NV","Elko","89801"
"1794","NV","Lander","89820"
"1795","NV","Elko","89883"
"1796","CA","Los Angeles","90027"
"1797","CA","Los Angeles","90049"
"1798","CA","Los Angeles","90274"
"1799","CA","Los Angeles","90601"
"1800","CA","Los Angeles","90602"
"1801","CA","Los Angeles","90704"
"1802","CA","Los Angeles","91206"
"1803","CA","Los Angeles","91301"
"1804","CA","Los Angeles","91342"
"1805","CA","Los Angeles","91352"
"1806","CA","Los Angeles","91355"
"1807","CA","Los Angeles","91384"
"1808","CA","Los Angeles","91504"
"1809","CA","Los Angeles","91702"
"1810","CA","Los Angeles","91744"
"1811","CA","Los Angeles","91754"
"1812","CA","San Bernardino","91761"
"1813","CA","San Bernardino","91786"
"1814","CA","Los Angeles","91789"
"1815","CA","Los Angeles","91792"
"1816","CA","San Diego","91911"
"1817","CA","San Diego","92004"
"1818","CA","San Diego","92055"
"1819","CA","San Diego","92065"
"1820","CA","San Diego","92071"
"1821","CA","San Diego","92078"
"1822","CA","San Diego","92084"
"1823","CA","San Diego","92105"
"1824","CA","San Diego","92111"
"1825","CA","Riverside","92223"
"1826","CA","Riverside","92225"
"1827","CA","Imperial","92227"
"1828","CA","Imperial","92231"
"1829","CA","Riverside","92236"
"1830","CA","Riverside","92239"
"1831","CA","Riverside","92241"
"1832","CA","Imperial","92250"
"1833","CA","Imperial","92251"
"1834","CA","Riverside","92254"
"1835","CA","San Bernardino","92256"
"1836","CA","Imperial","92257"
"1837","CA","Imperial","92266"
"1838","CA","Riverside","92274"
"1839","CA","Imperial","92275"
"1840","CA","San Bernardino","92277"
"1841","CA","San Bernardino","92285"
"1842","CA","San Bernardino","92307"
"1843","CA","San Bernardino","92309"
"1844","CA","San Bernardino","92310"
"1845","CA","San Bernardino","92311"
"1846","CA","San Bernardino","92314"
"1847","CA","San Bernardino","92324"
"1848","CA","Inyo","92328"
"1849","CA","San Bernardino","92345"
"1850","CA","San Bernardino","92356"
"1851","CA","San Bernardino","92363"
"1852","CA","San Bernardino","92365"
"1853","CA","San Bernardino","92368"
"1854","CA","San Bernardino","92371"
"1855","CA","San Bernardino","92373"
"1856","CA","San Bernardino","92377"
"1857","CA","Inyo","92384"
"1858","CA","Inyo","92389"
"1859","CA","San Bernardino","92392"
"1860","CA","San Bernardino","92398"
"1861","CA","San Bernardino","92399"
"1862","CA","Riverside","92507"
"1863","CA","Riverside","92539"
"1864","CA","Riverside","92555"
"1865","CA","Riverside","92570"
"1866","CA","Riverside","92596"
"1867","CA","Orange","92602"
"1868","CA","Orange","92657"
"1869","CA","San Diego","92672"
"1870","CA","Orange","92675"
"1871","CA","Orange","92823"
"1872","CA","Orange","92862"
"1873","CA","Riverside","92879"
"1874","CA","Riverside","92883-5020"
"1875","CA","Ventura","93035"
"1876","CA","Ventura","93036"
"1877","CA","Ventura","93060"
"1878","CA","Ventura","93065"
"1879","CA","Santa Barbara","93117"
"1880","CA","Kern","93203"
"1881","CA","Kings","93204"
"1882","CA","Kern","93206"
"1883","CA","Tulare","93207"
"1884","CA","Fresno","93210"
"1885","CA","Kern","93215"
"1886","CA","Tulare","93219"
"1887","CA","Kern","93220"
"1888","CA","Kern","93226"
"1889","CA","Kings","93230"
"1890","CA","Kings","93239"
"1891","CA","Kern","93243"
"1892","CA","Tulare","93247"
"1893","CA","Kern","93249"
"1894","CA","Santa Barbara","93254"
"1895","CA","Tulare","93257"
"1896","CA","Kern","93263"
"1897","CA","Kern","93268"
"1898","CA","Tulare","93274"
"1899","CA","Kern","93285"
"1900","CA","Tulare","93291"
"1901","CA","Kern","93306"
"1902","CA","Kern","93308"
"1903","CA","San Luis Obispo","93401"
"1904","CA","San Luis Obispo","93406"
"1905","CA","Monterey","93426"
"1906","CA","Santa Barbara","93436"
"1907","CA","Santa Barbara","93437"
"1908","CA","Santa Barbara","93441"
"1909","CA","San Luis Obispo","93446"
"1910","CA","San Luis Obispo","93451"
"1911","CA","Santa Barbara","93454"
"1912","CA","San Luis Obispo","93465"
"1913","CA","Kern","93501"
"1914","CA","Mono","93512"
"1915","CA","Mono","93514"
"1916","CA","Kern","93516"
"1917","CA","Kern","93523"
"1918","CA","Inyo","93526"
"1919","CA","Los Angeles","93535"
"1920","CA","Mono","93541"
"1921","CA","Inyo","93545"
"1922","CA","Los Angeles","93551"
"1923","CA","Kern","93555"
"1924","CA","Kern","93561"
"1925","CA","San Bernardino","93562"
"1926","CA","Madera","93610"
"1927","CA","Fresno","93619"
"1928","CA","Fresno","93630"
"1929","CA","Merced","93635"
"1930","CA","Fresno","93662"
"1931","CA","Fresno","93706"
"1932","CA","Fresno","93725"
"1933","CA","Monterey","93907"
"1934","CA","Monterey","93926"
"1935","CA","Monterey","93930"
"1936","CA","Monterey","93933"
"1937","CA","San Mateo","94014"
"1938","CA","San Mateo","94019"
"1939","CA","San Mateo","94025"
"1940","CA","Santa Clara","94043"
"1941","CA","Santa Clara","94089"
"1942","CA","Santa Clara","94303"
"1943","CA","Napa","94503"
"1944","CA","Contra Costa","94509"
"1945","CA","Napa","94515"
"1946","CA","Alameda","94538"
"1947","CA","Alameda","94550"
"1948","CA","Alameda","94551"
"1949","CA","Contra Costa","94553"
"1950","CA","Napa","94559"
"1951","CA","Contra Costa","94565"
"1952","CA","Solano","94571"
"1953","CA","Alameda","94577"
"1954","CA","Solano","94585"
"1955","CA","Contra Costa","94801"
"1956","CA","Marin","94945"
"1957","CA","Sonoma","94952"
"1958","CA","Sonoma","94954"
"1959","CA","Marin","94956"
"1960","CA","Santa Cruz","95005"
"1961","CA","Santa Clara","95020"
"1962","CA","San Benito","95023"
"1963","CA","Santa Clara","95035"
"1964","CA","Santa Clara","95037"
"1965","CA","Santa Clara","95054"
"1966","CA","Santa Cruz","95060"
"1967","CA","Santa Cruz","95076"
"1968","CA","Santa Clara","95120"
"1969","CA","Santa Clara","95134"
"1970","CA","San Joaquin","95206"
"1971","CA","San Joaquin","95236"
"1972","CA","San Joaquin","95240"
"1973","CA","Calaveras","95251"
"1974","CA","Calaveras","95252"
"1975","CA","Stanislaus","95313"
"1976","CA","Tuolumne","95321"
"1977","CA","Tuolumne","95327"
"1978","CA","San Joaquin","95336"
"1979","CA","Mariposa","95338"
"1980","CA","Merced","95348"
"1981","CA","Stanislaus","95357"
"1982","CA","Stanislaus","95358"
"1983","CA","San Joaquin","95377"
"1984","CA","Sonoma","95412"
"1985","CA","Lake","95422"
"1986","CA","Mendocino","95445"
"1987","CA","Sonoma","95448"
"1988","CA","Mendocino","95460"
"1989","CA","Mendocino","95482"
"1990","CA","Mendocino","95490"
"1991","CA","Humboldt","95503"
"1992","CA","Del Norte","95531"
"1993","CA","Yolo","95616"
"1994","CA","El Dorado","95623"
"1995","CA","Sacramento","95624"
"1996","CA","Amador","95640"
"1997","CA","Placer","95648"
"1998","CA","Sacramento","95670"
"1999","CA","Sacramento","95683"
"2000","CA","Solano","95687"
"2001","CA","Yuba","95692"
"2002","CA","Yolo","95776"
"2003","CA","Sacramento","95816"
"2004","CA","Sacramento","95826"
"2005","CA","Yuba","95901"
"2006","CA","Yuba","95903"
"2007","CA","Colusa","95912"
"2008","CA","Glenn","95913"
"2009","CA","Yuba","95919"
"2010","CA","Nevada","95949"
"2011","CA","Plumas","95963"
"2012","CA","Butte","95969"
"2013","CA","Colusa","95979"
"2014","CA","Shasta","96001"
"2015","CA","Shasta","96007"
"2016","CA","Lassen","96009"
"2017","CA","Shasta","96013"
"2018","CA","Plumas","96020"
"2019","CA","Siskiyou","96031"
"2020","CA","Siskiyou","96039"
"2021","CA","Shasta","96047"
"2022","CA","Siskiyou","96057"
"2023","CA","Siskiyou","96067"
"2024","CA","Tehama","96080"
"2025","CA","Trinity","96093"
"2026","CA","Siskiyou","96094"
"2027","CA","Siskiyou","96097"
"2028","CA","Modoc","96101"
"2029","CA","Modoc","96104"
"2030","CA","Mono","96107"
"2031","CA","Modoc","96112"
"2032","CA","Lassen","96113"
"2033","CA","Modoc","96115"
"2034","CA","Sierra","96118"
"2035","CA","Lassen","96119"
"2036","CA","Plumas","96122"
"2037","CA","Lassen","96123"
"2038","CA","Lassen","96130"
"2039","CA","Siskiyou","96134"
"2040","CA","Placer","96161"
"2041","HI","Honolulu","96707"
"2042","HI","Maui","96713"
"2043","HI","Hawaii","96720"
"2044","HI","Honolulu","96734"
"2045","HI","Hawaii","96738"
"2046","HI","Maui","96748"
"2047","HI","Kauai","96752"
"2048","HI","Maui","96761"
"2049","HI","Maui","96763"
"2050","HI","Maui","96784"
"2051","HI","Honolulu","96863"
"2052","GU","","96915"
"2053","OR","Clackamas","97045"
"2054","OR","Wasco","97058"
"2055","OR","Yamhill","97128"
"2056","OR","Multnomah","97203"
"2057","OR","Benton","97330"
"2058","OR","Lane","97405"
"2059","OR","Douglas","97470"
"2060","OR","Jackson","97524"
"2061","OR","Jackson","97530"
"2062","OR","Klamath","97601"
"2063","OR","Lake","97630"
"2064","OR","Deschutes","97702"
"2065","OR","Harney","97720"
"2066","OR","Klamath","97731"
"2067","OR","Crook","97754"
"2068","OR","Gilliam","97812"
"2069","OR","Umatilla","97813"
"2070","OR","Morrow","97818"
"2071","OR","Wallowa","97828"
"2072","OR","Baker","97833"
"2073","OR","Umatilla","97862"
"2074","OR","Baker","97907"
"2075","OR","Malheur","97918"
"2076","WA","King","98022"
"2077","WA","King","98032"
"2078","WA","King","98038"
"2079","WA","Skagit","98232"
"2080","WA","Snohomish","98296"
"2081","WA","Pierce","98335"
"2082","WA","Pierce","98338"
"2083","WA","Kitsap","98346"
"2084","WA","Kitsap","98359"
"2085","WA","Clallam","98362"
"2086","WA","Kitsap","98367"
"2087","WA","Pierce","98375"
"2088","WA","Pierce","98409"
"2089","WA","Pierce","98433"
"2090","WA","Thurston","98516"
"2091","WA","Grays Harbor","98520"
"2092","WA","Lewis","98531"
"2093","WA","Pacific","98577"
"2094","WA","Mason","98584"
"2095","WA","Cowlitz","98611"
"2096","WA","Cowlitz","98632"
"2097","WA","Clark","98662"
"2098","WA","Douglas","98802"
"2099","WA","Chelan","98816"
"2100","WA","Grant","98823"
"2101","WA","Okanogan","98840"
"2102","WA","Yakima","98901"
"2103","WA","Kittitas","98926"
"2104","WA","Yakima","98953"
"2105","WA","Grant","99133"
"2106","WA","Stevens","99141"
"2107","WA","Whitman","99163"
"2108","WA","Adams","99169"
"2109","WA","Spokane","99208"
"2110","WA","Franklin","99301"
"2111","WA","Benton","99352"
"2112","WA","Klickitat","99356"
"2113","WA","Walla Walla","99362"
"2114","WA","Asotin","99402"
"2115","AK","Anchorage","99501"
"2116","AK","Anchorage","99577"
"2117","AK","Kodiak Island","99615"
"2118","AK","Matanuska-Susitna","99645"
"2119","AK","Kenai Peninsula","99669"
"2120","AK","Aleutians West","99685"
"2121","AK","Fairbanks North Star","99701"
"2122","AK","Juneau","99801"
